Name,Type,StartDate,EndDate,StartTime,EndTime,AllDay,Location,Address,Website,Source,Notes
Coffee & Camaraderie OPFOB on the Road - Beaufort,Events,2026-03-07,2026-03-07,09:00,,,Port Royal,Live Oaks Park,https://www.portroyal.org/calendar.aspx?EID=1042&PREVIEW=YES,Town of Port Royal,Community coffee gathering in Port Royal.
2026 FFF Oyster Roast,Events,2026-03-13,2026-03-13,17:00,20:00,,"Port Royal, SC",Live Oaks Park,https://www.beaufortsc.org/,Visit Beaufort,Annual Friends of Fort Fremont oyster roast in Port Royal.
Radiance Run 5K,Events,2026-03-14,2026-03-14,,,,Port Royal,Port Royal,https://www.portroyal.org/,Town of Port Royal,Community 5K supporting Radiance Pregnancy Care Center.
Port Royal Farmers Market,Market,2026-03-14,2026-03-14,,,,Port Royal,"Naval Heritage Park, 1615 Ribaut Road",https://portroyalfarmersmarket.com,Port Royal Farmers Market,Weekly farmers market in Port Royal.
Farmers' Market of Bluffton,Market,2026-03-19,2026-03-19,,,,Bluffton,"Carson Cottages, 40 Calhoun Street",https://farmersmarketbluffton.org,Farmers' Market of Bluffton,Weekly Bluffton market with local farms and artisans.
Third Thursday - Historic Port Royal Foundation,Events,2026-03-19,2026-03-19,17:00,20:00,,"Port Royal, SC","1634 Paris Avenue, Port Royal, SC 29935",https://www.portroyal.org/,Town of Port Royal,Historic Port Royal Foundation monthly evening community event.
4th Annual Spring Symposium Opening Reception,Education,2026-03-20,2026-03-20,18:00,20:00,,Beaufort,"USCB Center for the Arts, 805 Carteret Street, Beaufort, SC 29902",https://www.uscb.edu/academics/humanities-social-sciences/history/isre/symposium/index.html,USCB,Opening reception for the 2026 ISRE Spring Symposium.
4th Annual Spring Symposium,Education,2026-03-21,2026-03-21,09:00,15:00,,Beaufort,"USCB Center for the Arts, 805 Carteret Street, Beaufort, SC 29902",https://www.uscb.edu/academics/humanities-social-sciences/history/isre/symposium/index.html,USCB,Full day of presentations and breakout sessions for the annual symposium.
South Coast Cyber Summit,Education,2026-03-23,2026-03-23,,,,Beaufort County,Beaufort County,https://www.beaufortsc.org/,Visit Beaufort,Regional cybersecurity conference listed by Visit Beaufort.
Port Royal Farmers Market,Market,2026-03-28,2026-03-28,,,,Port Royal,"Naval Heritage Park, 1615 Ribaut Road",https://portroyalfarmersmarket.com,Port Royal Farmers Market,Weekly farmers market in Port Royal.
Farmers' Market of Bluffton,Market,2026-03-26,2026-03-26,,,,Bluffton,"Carson Cottages, 40 Calhoun Street",https://farmersmarketbluffton.org,Farmers' Market of Bluffton,Weekly Bluffton market with local farms and artisans.
USCB Interdisciplinary Conference,Education,2026-03-26,2026-03-27,,,,Bluffton,"USCB Bluffton Campus, Bluffton, SC",https://www.uscb.edu/academics/etais/interdisciplinary-conference/index.html,USCB,Interdisciplinary studies conference held virtually and in person.
Chalk It Up!,Culture,2026-03-27,2026-03-29,,,,Beaufort,Beaufort,https://www.beaufortsc.org/,Visit Beaufort,Three-day arts and community festival in Beaufort.
Port Royal Farmers Market,Market,2026-04-04,2026-04-04,,,,Port Royal,"Naval Heritage Park, 1615 Ribaut Road",https://portroyalfarmersmarket.com,Port Royal Farmers Market,Weekly farmers market in Port Royal.
Farmers' Market of Bluffton,Market,2026-04-02,2026-04-02,,,,Bluffton,"Carson Cottages, 40 Calhoun Street",https://farmersmarketbluffton.org,Farmers' Market of Bluffton,Weekly Bluffton market with local farms and artisans.
Port Royal Farmers Market,Market,2026-04-11,2026-04-11,,,,Port Royal,"Naval Heritage Park, 1615 Ribaut Road",https://portroyalfarmersmarket.com,Port Royal Farmers Market,Weekly farmers market in Port Royal.
Farmers' Market of Bluffton,Market,2026-04-09,2026-04-09,,,,Bluffton,"Carson Cottages, 40 Calhoun Street",https://farmersmarketbluffton.org,Farmers' Market of Bluffton,Weekly Bluffton market with local farms and artisans.
